Name,Start,End,Size
menu_overlay_entry,0x00461CC0,0x00461EA8,488
FUN_MENU_text__00461eb0,0x00461EB0,0x00461EB8,8
FUN_MENU_text__00461ec0,0x00461EC0,0x004620C4,516
FUN_MENU_text__004620d0,0x004620D0,0x004620DC,12
FUN_MENU_text__004620e0,0x004620E0,0x0046210C,44
FUN_MENU_text__00462110,0x00462110,0x00462118,8
FUN_MENU_text__00462120,0x00462120,0x00462128,8
FUN_MENU_text__00462130,0x00462130,0x00462138,8
FUN_MENU_text__00462140,0x00462140,0x004621C4,132
FUN_MENU_text__004621d0,0x004621D0,0x00462244,116
FUN_MENU_text__00462250,0x00462250,0x00462908,1720
FUN_MENU_text__00462910,0x00462910,0x00462918,8
FUN_MENU_text__00462920,0x00462920,0x0046292C,12
FUN_MENU_text__00462930,0x00462930,0x00462E90,1376
FUN_MENU_text__00462e90,0x00462E90,0x00463000,368
FUN_MENU_text__00463000,0x00463000,0x00463054,84
FUN_MENU_text__00463060,0x00463060,0x004630C8,104
FUN_MENU_text__004630d0,0x004630D0,0x00463158,136
FUN_MENU_text__00463160,0x00463160,0x00463310,432
FUN_MENU_text__00463310,0x00463310,0x00463358,72
FUN_MENU_text__00463360,0x00463360,0x004633BC,92
FUN_MENU_text__004633c0,0x004633C0,0x00463460,160
FUN_MENU_text__00463460,0x00463460,0x0046378C,812
FUN_MENU_text__00463790,0x00463790,0x004637E8,88
FUN_MENU_text__004637f0,0x004637F0,0x00463870,128
FUN_MENU_text__00463870,0x00463870,0x004639C8,344
FUN_MENU_text__004639d0,0x004639D0,0x00463AB8,232
FUN_MENU_text__00463ac0,0x00463AC0,0x00463AFC,60
FUN_MENU_text__00463b00,0x00463B00,0x00463B60,96
FUN_MENU_text__00463b60,0x00463B60,0x00463C58,248
FUN_MENU_text__00463c60,0x00463C60,0x00463CCC,108
FUN_MENU_text__00463cd0,0x00463CD0,0x00463D34,100
FUN_MENU_text__00463d40,0x00463D40,0x00463D48,8
FUN_MENU_text__00463d50,0x00463D50,0x0046426C,1308
FUN_MENU_text__00464270,0x00464270,0x0046429C,44
FUN_MENU_text__004642a0,0x004642A0,0x004642C0,32
FUN_MENU_text__004642c0,0x004642C0,0x004647E4,1316
FUN_MENU_text__004647f0,0x004647F0,0x00464800,16
FUN_MENU_text__00464800,0x00464800,0x004648C4,196
FUN_MENU_text__004648d0,0x004648D0,0x00464B54,644
FUN_MENU_text__00464b60,0x00464B60,0x00464DF0,656
FUN_MENU_text__00464df0,0x00464DF0,0x004650E0,752
FUN_MENU_text__004650e0,0x004650E0,0x0046545C,892
FUN_MENU_text__00465460,0x00465460,0x00465554,244
FUN_MENU_text__00465560,0x00465560,0x00465610,176
FUN_MENU_text__00465610,0x00465610,0x00465674,100
FUN_MENU_text__00465680,0x00465680,0x0046568C,12
FUN_MENU_text__00465690,0x00465690,0x004656B4,36
FUN_MENU_text__004656c0,0x004656C0,0x004656F4,52
FUN_MENU_text__00465700,0x00465700,0x004657E0,224
FUN_MENU_text__004657e0,0x004657E0,0x004657F0,16
FUN_MENU_text__004657f0,0x004657F0,0x00465804,20
FUN_MENU_text__00465810,0x00465810,0x00465BDC,972
FUN_MENU_text__00465be0,0x00465BE0,0x00465BE8,8
FUN_MENU_text__00465bf0,0x00465BF0,0x00465FD0,992
FUN_MENU_text__00465fd0,0x00465FD0,0x00465FD8,8
FUN_MENU_text__00465fe0,0x00465FE0,0x00465FF0,16
FUN_MENU_text__00465ff0,0x00465FF0,0x00466054,100
FUN_MENU_text__00466060,0x00466060,0x004660D0,112
FUN_MENU_text__004660d0,0x004660D0,0x00466130,96
FUN_MENU_text__00466130,0x00466130,0x004661A0,112
FUN_MENU_text__004661a0,0x004661A0,0x00466254,180
FUN_MENU_text__00466260,0x00466260,0x004662A4,68
FUN_MENU_text__004662b0,0x004662B0,0x004662EC,60
FUN_MENU_text__004662f0,0x004662F0,0x0046693C,1612
FUN_MENU_text__00466940,0x00466940,0x004669B0,112
FUN_MENU_text__004669b0,0x004669B0,0x00466B14,356
FUN_MENU_text__00466b20,0x00466B20,0x00466B80,96
FUN_MENU_text__00466b80,0x00466B80,0x00466BE4,100
FUN_MENU_text__00466bf0,0x00466BF0,0x00466DE8,504
FUN_MENU_text__00466df0,0x00466DF0,0x00466F9C,428
FUN_MENU_text__00466fa0,0x00466FA0,0x00467254,692
FUN_MENU_text__00467260,0x00467260,0x0046726C,12
FUN_MENU_text__00467270,0x00467270,0x0046747C,524
FUN_MENU_text__00467480,0x00467480,0x004674F4,116
FUN_MENU_text__00467500,0x00467500,0x00467558,88
FUN_MENU_text__00467560,0x00467560,0x00467604,164
FUN_MENU_text__00467610,0x00467610,0x00467710,256
FUN_MENU_text__00467710,0x00467710,0x004677D0,192
FUN_MENU_text__004677d0,0x004677D0,0x0046786C,156
FUN_MENU_text__00467870,0x00467870,0x00467914,164
FUN_MENU_text__00467920,0x00467920,0x00467964,68
FUN_MENU_text__00467970,0x00467970,0x00467AA8,312
FUN_MENU_text__00467ab0,0x00467AB0,0x00467B2C,124
FUN_MENU_text__00467b30,0x00467B30,0x00467B60,48
FUN_MENU_text__00467b60,0x00467B60,0x00467BA8,72
FUN_MENU_text__00467bb0,0x00467BB0,0x00467BEC,60
FUN_MENU_text__00467bf0,0x00467BF0,0x00467C44,84
FUN_MENU_text__00467c50,0x00467C50,0x00467CF0,160
FUN_MENU_text__00467cf0,0x00467CF0,0x00467D60,112
FUN_MENU_text__00467d60,0x00467D60,0x00467E8C,300
FUN_MENU_text__00467e90,0x00467E90,0x00467EE4,84
FUN_MENU_text__00467ef0,0x00467EF0,0x00467FB4,196
FUN_MENU_text__00467fc0,0x00467FC0,0x00467FF8,56
FUN_MENU_text__00468000,0x00468000,0x00468030,48
FUN_MENU_text__00468030,0x00468030,0x004680A4,116
FUN_MENU_text__004680b0,0x004680B0,0x00468204,340
FUN_MENU_text__00468210,0x00468210,0x00468270,96
FUN_MENU_text__00468270,0x00468270,0x00468280,16
FUN_MENU_text__00468280,0x00468280,0x004684C0,576
FUN_MENU_text__004684c0,0x004684C0,0x00468510,80
FUN_MENU_text__00468510,0x00468510,0x00468578,104
FUN_MENU_text__00468580,0x00468580,0x004685E0,96
FUN_MENU_text__004685e0,0x004685E0,0x00468610,48
FUN_MENU_text__00468610,0x00468610,0x0046868C,124
FUN_MENU_text__00468690,0x00468690,0x004687D0,320
FUN_MENU_text__004687d0,0x004687D0,0x004687E0,16
FUN_MENU_text__004687e0,0x004687E0,0x00468944,356
FUN_MENU_text__00468950,0x00468950,0x00468A60,272
FUN_MENU_text__00468a60,0x00468A60,0x00468B58,248
FUN_MENU_text__00468b60,0x00468B60,0x00468BB8,88
FUN_MENU_text__00468bc0,0x00468BC0,0x00468BC8,8
FUN_MENU_text__00468bd0,0x00468BD0,0x00469938,3432
thunk_FUN_002f6050,0x00469940,0x00469948,8
FUN_MENU_text__00469950,0x00469950,0x00469960,16
FUN_MENU_text__00469960,0x00469960,0x00469AD4,372
FUN_MENU_text__00469ae0,0x00469AE0,0x00469D28,584
FUN_MENU_text__00469d30,0x00469D30,0x00469D70,64
FUN_MENU_text__00469d70,0x00469D70,0x00469E4C,220
FUN_MENU_text__00469e50,0x00469E50,0x00469ED4,132
FUN_MENU_text__00469ee0,0x00469EE0,0x00469FB4,212
FUN_MENU_text__00469fc0,0x00469FC0,0x0046A074,180
FUN_MENU_text__0046a080,0x0046A080,0x0046A0FC,124
FUN_MENU_text__0046a100,0x0046A100,0x0046A134,52
FUN_MENU_text__0046a140,0x0046A140,0x0046A1AC,108
FUN_MENU_text__0046a1b0,0x0046A1B0,0x0046A230,128
FUN_MENU_text__0046a230,0x0046A230,0x0046A2AC,124
FUN_MENU_text__0046a2b0,0x0046A2B0,0x0046A2E4,52
FUN_MENU_text__0046a2f0,0x0046A2F0,0x0046A37C,140
FUN_MENU_text__0046a380,0x0046A380,0x0046A494,276
FUN_MENU_text__0046a4a0,0x0046A4A0,0x0046A4E0,64
FUN_MENU_text__0046a4e0,0x0046A4E0,0x0046A520,64
FUN_MENU_text__0046a520,0x0046A520,0x0046A554,52
FUN_MENU_text__0046a560,0x0046A560,0x0046A5D4,116
FUN_MENU_text__0046a5e0,0x0046A5E0,0x0046A650,112
FUN_MENU_text__0046a650,0x0046A650,0x0046A684,52
FUN_MENU_text__0046a690,0x0046A690,0x0046A724,148
FUN_MENU_text__0046a730,0x0046A730,0x0046A7E8,184
FUN_MENU_text__0046a7f0,0x0046A7F0,0x0046A84C,92
FUN_MENU_text__0046a850,0x0046A850,0x0046AA90,576
FUN_MENU_text__0046aa90,0x0046AA90,0x0046AADC,76
FUN_MENU_text__0046aae0,0x0046AAE0,0x0046AEE0,1024
FUN_MENU_text__0046aee0,0x0046AEE0,0x0046AF30,80
FUN_MENU_text__0046af30,0x0046AF30,0x0046B040,272
FUN_MENU_text__0046b040,0x0046B040,0x0046B090,80
FUN_MENU_text__0046b090,0x0046B090,0x0046B1A0,272
FUN_MENU_text__0046b1a0,0x0046B1A0,0x0046B1C0,32
FUN_MENU_text__0046b1c0,0x0046B1C0,0x0046B218,88
FUN_MENU_text__0046b220,0x0046B220,0x0046B2D8,184
FUN_MENU_text__0046b2e0,0x0046B2E0,0x0046B34C,108
FUN_MENU_text__0046b350,0x0046B350,0x0046B358,8
FUN_MENU_text__0046b360,0x0046B360,0x0046B3CC,108
FUN_MENU_text__0046b3d0,0x0046B3D0,0x0046B418,72
FUN_MENU_text__0046b420,0x0046B420,0x0046B4D4,180
FUN_MENU_text__0046b4e0,0x0046B4E0,0x0046B59C,188
FUN_MENU_text__0046b5a0,0x0046B5A0,0x0046B5A8,8
FUN_MENU_text__0046b5b0,0x0046B5B0,0x0046B7A8,504
FUN_MENU_text__0046b7b0,0x0046B7B0,0x0046B830,128
FUN_MENU_text__0046b830,0x0046B830,0x0046BA08,472
FUN_MENU_text__0046ba08,0x0046BA08,0x0046BAA8,160
FUN_MENU_text__0046bbe0,0x0046BBE0,0x0046BC2C,76
FUN_MENU_text__0046bc30,0x0046BC30,0x0046BD0C,220
FUN_MENU_text__0046bd10,0x0046BD10,0x0046BF48,568
FUN_MENU_text__0046bf50,0x0046BF50,0x0046BF90,64
FUN_MENU_text__0046bf90,0x0046BF90,0x0046BFBC,44
FUN_MENU_text__0046bfc0,0x0046BFC0,0x0046C000,64
FUN_MENU_text__0046c000,0x0046C000,0x0046C29C,668
FUN_MENU_text__0046c2a0,0x0046C2A0,0x0046C508,616
FUN_MENU_text__0046c510,0x0046C510,0x0046C540,48
FUN_MENU_text__0046c540,0x0046C540,0x0046C588,72
FUN_MENU_text__0046c590,0x0046C590,0x0046C5D8,72
FUN_MENU_text__0046c5e0,0x0046C5E0,0x0046C68C,172
FUN_MENU_text__0046c690,0x0046C690,0x0046C744,180
FUN_MENU_text__0046c750,0x0046C750,0x0046C794,68
FUN_MENU_text__0046c7a0,0x0046C7A0,0x0046C824,132
FUN_MENU_text__0046c830,0x0046C830,0x0046C9DC,428
FUN_MENU_text__0046c9e0,0x0046C9E0,0x0046CA14,52
FUN_MENU_text__0046ca20,0x0046CA20,0x0046CA64,68
FUN_MENU_text__0046ca70,0x0046CA70,0x0046CA90,32
FUN_MENU_text__0046ca90,0x0046CA90,0x0046CAE4,84
FUN_MENU_text__0046caf0,0x0046CAF0,0x0046CB3C,76
FUN_MENU_text__0046cb40,0x0046CB40,0x0046CB90,80
FUN_MENU_text__0046cb90,0x0046CB90,0x0046CCB8,296
FUN_MENU_text__0046ccc0,0x0046CCC0,0x0046CEB4,500
FUN_MENU_text__0046cec0,0x0046CEC0,0x0046CF48,136
FUN_MENU_text__0046cf50,0x0046CF50,0x0046D14C,508
FUN_MENU_text__0046d150,0x0046D150,0x0046D214,196
FUN_MENU_text__0046d220,0x0046D220,0x0046D320,256
FUN_MENU_text__0046d320,0x0046D320,0x0046D35C,60
FUN_MENU_text__0046d360,0x0046D360,0x0046D3E4,132
FUN_MENU_text__0046d3f0,0x0046D3F0,0x0046D444,84
FUN_MENU_text__0046d450,0x0046D450,0x0046D584,308
FUN_MENU_text__0046d590,0x0046D590,0x0046D608,120
FUN_MENU_text__0046d610,0x0046D610,0x0046D640,48
FUN_MENU_text__0046d640,0x0046D640,0x0046D684,68
FUN_MENU_text__0046d690,0x0046D690,0x0046D734,164
FUN_MENU_text__0046d740,0x0046D740,0x0046D858,280
FUN_MENU_text__0046d860,0x0046D860,0x0046D8DC,124
FUN_MENU_text__0046d8e0,0x0046D8E0,0x0046D9F4,276
FUN_MENU_text__0046da00,0x0046DA00,0x0046DA54,84
FUN_MENU_text__0046da60,0x0046DA60,0x0046DA80,32
FUN_MENU_text__0046da80,0x0046DA80,0x0046DCD0,592
FUN_MENU_text__0046dcd0,0x0046DCD0,0x0046DD40,112
FUN_MENU_text__0046dd40,0x0046DD40,0x0046DDE8,168
FUN_MENU_text__0046ddf0,0x0046DDF0,0x0046DE04,20
FUN_MENU_text__0046de10,0x0046DE10,0x0046DE7C,108
FUN_MENU_text__0046de80,0x0046DE80,0x0046DFB4,308
FUN_MENU_text__0046dfc0,0x0046DFC0,0x0046E24C,652
FUN_MENU_text__0046e250,0x0046E250,0x0046E458,520
FUN_MENU_text__0046e460,0x0046E460,0x0046E4C4,100
FUN_MENU_text__0046e4d0,0x0046E4D0,0x0046E570,160
FUN_MENU_text__0046e570,0x0046E570,0x0046E6BC,332
FUN_MENU_text__0046e6c0,0x0046E6C0,0x0046E740,128
FUN_MENU_text__0046e740,0x0046E740,0x0046E770,48
FUN_MENU_text__0046e770,0x0046E770,0x0046E7A0,48
FUN_MENU_text__0046e7a0,0x0046E7A0,0x0046E7D0,48
FUN_MENU_text__0046e7d0,0x0046E7D0,0x0046EC2C,1116
FUN_MENU_text__0046ec30,0x0046EC30,0x0046EC6C,60
FUN_MENU_text__0046ec70,0x0046EC70,0x0046EDC0,336
thunk_FUN_002e6a90,0x0046EDC0,0x0046EDC8,8
FUN_MENU_text__0046edd0,0x0046EDD0,0x0046EFBC,492
FUN_MENU_text__0046efc0,0x0046EFC0,0x0046F1A0,480
FUN_MENU_text__0046f1a0,0x0046F1A0,0x0046F340,416
FUN_MENU_text__0046f340,0x0046F340,0x0046F370,48
FUN_MENU_text__0046f370,0x0046F370,0x0046F3B8,72
FUN_MENU_text__0046f3c0,0x0046F3C0,0x0046F3E0,32
FUN_MENU_text__0046f3e0,0x0046F3E0,0x0046F44C,108
FUN_MENU_text__0046f450,0x0046F450,0x0046F50C,188
FUN_MENU_text__0046f510,0x0046F510,0x0046F56C,92
FUN_MENU_text__0046f570,0x0046F570,0x0046F580,16
FUN_MENU_text__0046f580,0x0046F580,0x0046F874,756
FUN_MENU_text__0046f880,0x0046F880,0x0046F888,8
FUN_MENU_text__0046f890,0x0046F890,0x0046F9D0,320
FUN_MENU_text__0046f9d0,0x0046F9D0,0x0046FA78,168
FUN_MENU_text__0046fa80,0x0046FA80,0x0046FAC0,64
FUN_MENU_text__0046fac0,0x0046FAC0,0x0046FB14,84
FUN_MENU_text__0046fb20,0x0046FB20,0x0046FBA4,132
FUN_MENU_text__0046fbb0,0x0046FBB0,0x0046FC5C,172
FUN_MENU_text__0046fc60,0x0046FC60,0x0046FD08,168
FUN_MENU_text__0046fd10,0x0046FD10,0x0046FD84,116
FUN_MENU_text__0046fd90,0x0046FD90,0x0046FF90,512
FUN_MENU_text__0046ff90,0x0046FF90,0x004700B0,288
FUN_MENU_text__004700b0,0x004700B0,0x004701E0,304
FUN_MENU_text__004701e0,0x004701E0,0x004702B8,216
FUN_MENU_text__004702c0,0x004702C0,0x0047039C,220
FUN_MENU_text__004703a0,0x004703A0,0x004703E0,64
FUN_MENU_text__004703e0,0x004703E0,0x00470714,820
FUN_MENU_text__00470720,0x00470720,0x0047072C,12
FUN_MENU_text__00470730,0x00470730,0x0047078C,92
FUN_MENU_text__00470790,0x00470790,0x004707B0,32
FUN_MENU_text__004707b0,0x004707B0,0x00470B94,996
FUN_MENU_text__00470ba0,0x00470BA0,0x00470C24,132
FUN_MENU_text__00470c30,0x00470C30,0x00470DBC,396
FUN_MENU_text__00470dc0,0x00470DC0,0x00470E0C,76
FUN_MENU_text__00470e10,0x00470E10,0x00470E30,32
FUN_MENU_text__00470e30,0x00470E30,0x00470E78,72
FUN_MENU_text__00470e80,0x00470E80,0x00470F04,132
FUN_MENU_text__00470f10,0x00470F10,0x00470FAC,156
FUN_MENU_text__00470fb0,0x00470FB0,0x00470FC0,16
FUN_MENU_text__00470fc0,0x00470FC0,0x00471040,128
FUN_MENU_text__00471040,0x00471040,0x00471288,584
FUN_MENU_text__00471290,0x00471290,0x00471E98,3080
FUN_MENU_text__00471ea0,0x00471EA0,0x00472504,1636
thunk_FUN_001daed0,0x00472510,0x00472518,8
FUN_MENU_text__00472520,0x00472520,0x00472D08,2024
FUN_MENU_text__00472d10,0x00472D10,0x00472E5C,332
FUN_MENU_text__00472e60,0x00472E60,0x00472E7C,28
FUN_MENU_text__00472e80,0x00472E80,0x00472ECC,76
FUN_MENU_text__00472ed0,0x00472ED0,0x00472EE4,20
FUN_MENU_text__00472ef0,0x00472EF0,0x00472F50,96
FUN_MENU_text__00472f50,0x00472F50,0x00473170,544
FUN_MENU_text__00473170,0x00473170,0x0047358C,1052
FUN_MENU_text__00473590,0x00473590,0x0047382C,668
FUN_MENU_text__00473830,0x00473830,0x00473884,84
FUN_MENU_text__00473890,0x00473890,0x00473920,144
FUN_MENU_text__00473920,0x00473920,0x00473A10,240
FUN_MENU_text__00473a10,0x00473A10,0x00473A78,104
FUN_MENU_text__00473d10,0x00473D10,0x00474110,1024
FUN_MENU_text__00474110,0x00474110,0x004741D8,200
FUN_MENU_text__004741e0,0x004741E0,0x00474250,112
FUN_MENU_text__00474250,0x00474250,0x004742C8,120
thunk_FUN_001e9360,0x004742D0,0x004742D8,8
FUN_MENU_text__004742e0,0x004742E0,0x004742E8,8
thunk_FUN_002805a0,0x004742F0,0x004742F8,8
thunk_FUN_00280520,0x00474300,0x00474308,8
thunk_FUN_002804d0,0x00474310,0x00474318,8
thunk_FUN_00280480,0x00474320,0x00474328,8
thunk_FUN_00280900,0x00474330,0x00474338,8
thunk_FUN_00280890,0x00474340,0x00474348,8
thunk_FUN_00280820,0x00474350,0x00474358,8
FUN_MENU_text__00474360,0x00474360,0x00474368,8
thunk_FUN_00280960,0x00474370,0x00474378,8
FUN_MENU_text__00474380,0x00474380,0x00474388,8
FUN_MENU_text__00474390,0x00474390,0x00474398,8
FUN_MENU_text__004743a0,0x004743A0,0x004743A8,8
FUN_MENU_text__004743b0,0x004743B0,0x004743B8,8
thunk_FUN_00280a10,0x004743C0,0x004743C8,8
FUN_MENU_text__004743d0,0x004743D0,0x004743D8,8
thunk_FUN_001dacf0,0x004743E0,0x004743E8,8
FUN_MENU_text__004743f0,0x004743F0,0x004743F8,8
FUN_MENU_text__00474400,0x00474400,0x00474408,8
FUN_MENU_text__00474410,0x00474410,0x00474418,8
FUN_MENU_text__00474420,0x00474420,0x00474430,16
FUN_MENU_text__00474440,0x00474440,0x004745A0,352
FUN_MENU_text__004745a0,0x004745A0,0x004748BC,796
FUN_MENU_text__004748c0,0x004748C0,0x00474CF8,1080
FUN_MENU_text__00474d00,0x00474D00,0x00474FDC,732
FUN_MENU_text__00474fe0,0x00474FE0,0x004760C0,4320
FUN_MENU_text__004760c0,0x004760C0,0x004762E8,552
FUN_MENU_text__004762f0,0x004762F0,0x00476B08,2072
FUN_MENU_text__00476b10,0x00476B10,0x00476CD0,448
FUN_MENU_text__00476cd0,0x00476CD0,0x00476FA0,720
FUN_MENU_text__00476fa0,0x00476FA0,0x00477400,1120
FUN_MENU_text__00477400,0x00477400,0x004776FC,764
FUN_MENU_text__004776fc,0x004776FC,0x004777AC,176
FUN_MENU_text__004777b0,0x004777B0,0x00477ED8,1832
FUN_MENU_text__00477ee0,0x00477EE0,0x0047920C,4908
FUN_MENU_text__00479210,0x00479210,0x004796B4,1188
FUN_MENU_text__004796c0,0x004796C0,0x00479980,704
FUN_MENU_text__00479980,0x00479980,0x00479AB0,304
FUN_MENU_text__00479ab0,0x00479AB0,0x00479B8C,220
FUN_MENU_text__00479b90,0x00479B90,0x00479DC8,568
FUN_MENU_text__00479dd0,0x00479DD0,0x00479F18,328
FUN_MENU_text__00479f20,0x00479F20,0x0047AE98,3960
FUN_MENU_text__0047aea0,0x0047AEA0,0x0047AFB4,276
FUN_MENU_text__0047afc0,0x0047AFC0,0x0047B0C8,264
FUN_MENU_text__0047b0d0,0x0047B0D0,0x0047B1D0,256
FUN_MENU_text__0047b1d0,0x0047B1D0,0x0047B224,84
FUN_MENU_text__0047c580,0x0047C580,0x0047C5F4,116
FUN_MENU_text__0047c600,0x0047C600,0x0047C65C,92
FUN_MENU_text__0047c660,0x0047C660,0x0047C6B4,84
FUN_MENU_text__0047c6c0,0x0047C6C0,0x0047C720,96
